"intercept","slope"
-0.541345511141952,19.6472247014268
NA,NA
